{"1287": {
    "buses": {
        "76": 15,
        "84": 10,
        "204": 10,
        "213": 18,
        "280": 9,
        "306": 31,
        "604": 11
    },
    "name": "Orlov Most sq."
	},
"1308" : {
    "buses": {
        "4": 13,
        "12": 6,
        "18": 7
    },
    "name": "St. Nedelya sq."
	},
"1307" : {
    "buses": {
        "78": 18,
        "85": 20,
        "213": 18,
        "285": 20,
        "305": 18,
        "404": 18,
        "413": 16
    },
    "name": "Central Train Station sq."
	},
"2334": {
    "buses": {
        "20": 11,
        "22": 4
    },
    "name": "Centralni Hali"
	}
}